{"cameraMode":{"drawMode":0,"name":"Shaded","section":"Shading Mode"},"sceneLighting":true,"audioPlay":false,"sceneViewState":{"showFog":true,"showMaterialUpdate":false,"showSkybox":true,"showFlares":true,"showImageEffects":true,"showParticleSystems":true},"in2DMode":false,"pivot":{"x":9.136472702026368,"y":107.29737854003906,"z":55.06782531738281},"rotation":{"x":0.13161633908748628,"y":-0.002973953727632761,"z":0.00039486290188506246,"w":0.9912972450256348},"size":296.3691101074219,"orthographic":false}